epoch,accuracy,learning_rate,loss,val_accuracy,val_loss
0,0.40361034870147705,0.0010000000474974513,1.9859344959259033,0.3269754648208618,1.8953129053115845
