epoch,accuracy,learning_rate,loss,val_accuracy,val_loss
0,0.1982288807630539,9.999999747378752e-05,2.7082905769348145,0.2602179944515228,1.6759083271026611
